Subject,Start date,All Day Event
year,01/1/2017,True
generate,02/1/2017,True
print,03/1/2017,True
wire,04/1/2017,True
confidence,05/1/2017,True
amazing,06/1/2017,True
pepper,07/1/2017,True
resemble,08/1/2017,True
composition,09/1/2017,True
passage,10/1/2017,True
soldier,11/1/2017,True
color,12/1/2017,True
hate,13/1/2017,True
foreign,14/1/2017,True
shadow,15/1/2017,True
extent,16/1/2017,True
chef,17/1/2017,True
recent,18/1/2017,True
occur,19/1/2017,True
necessary,20/1/2017,True
progress,21/1/2017,True
discuss,22/1/2017,True
very,23/1/2017,True
smart,24/1/2017,True
error,25/1/2017,True
split,26/1/2017,True
orientation,27/1/2017,True
north,28/1/2017,True
psychology,29/1/2017,True
vote,30/1/2017,True
pop,31/1/2017,True
smoke,01/2/2017,True
fruit,02/2/2017,True
hypothesis,03/2/2017,True
sample,04/2/2017,True
strength,05/2/2017,True
mere,06/2/2017,True
nurse,07/2/2017,True
insist,08/2/2017,True
call,09/2/2017,True
sweet,10/2/2017,True
pitch,11/2/2017,True
global,12/2/2017,True
encounter,13/2/2017,True
collect,14/2/2017,True
stream,15/2/2017,True
crew,16/2/2017,True
back,17/2/2017,True
pass,18/2/2017,True
downtown,19/2/2017,True
tent,20/2/2017,True
brown,21/2/2017,True
project,22/2/2017,True
disaster,23/2/2017,True
clothing,24/2/2017,True
wide,25/2/2017,True
danger,26/2/2017,True
reduce,27/2/2017,True
piano,28/2/2017,True
commit,01/3/2017,True
concert,02/3/2017,True
hurt,03/3/2017,True
bone,04/3/2017,True
city,05/3/2017,True
magazine,06/3/2017,True
implement,07/3/2017,True
formula,08/3/2017,True
third,09/3/2017,True
building,10/3/2017,True
thought,11/3/2017,True
transfer,12/3/2017,True
defense,13/3/2017,True
fault,14/3/2017,True
muscle,15/3/2017,True
winner,16/3/2017,True
church,17/3/2017,True
though,18/3/2017,True
writer,19/3/2017,True
afford,20/3/2017,True
notice,21/3/2017,True
activity,22/3/2017,True
stir,23/3/2017,True
spending,24/3/2017,True
penalty,25/3/2017,True
step,26/3/2017,True
refer,27/3/2017,True
square,28/3/2017,True
vital,29/3/2017,True
mutual,30/3/2017,True
among,31/3/2017,True
commit,01/4/2017,True
broken,02/4/2017,True
shelf,03/4/2017,True
comedy,04/4/2017,True
athletic,05/4/2017,True
remember,06/4/2017,True
doubt,07/4/2017,True
decide,08/4/2017,True
pie,09/4/2017,True
watch,10/4/2017,True
quite,11/4/2017,True
awful,12/4/2017,True
reject,13/4/2017,True
shadow,14/4/2017,True
library,15/4/2017,True
jacket,16/4/2017,True
bullet,17/4/2017,True
oppose,18/4/2017,True
opponent,19/4/2017,True
settle,20/4/2017,True
uncle,21/4/2017,True
basis,22/4/2017,True
south,23/4/2017,True
bake,24/4/2017,True
hang,25/4/2017,True
teach,26/4/2017,True
reputation,27/4/2017,True
protein,28/4/2017,True
prior,29/4/2017,True
than,30/4/2017,True
subsequent,01/5/2017,True
relation,02/5/2017,True
screen,03/5/2017,True
boat,04/5/2017,True
sex,05/5/2017,True
novel,06/5/2017,True
shake,07/5/2017,True
atmosphere,08/5/2017,True
department,09/5/2017,True
draft,10/5/2017,True
third,11/5/2017,True
real,12/5/2017,True
script,13/5/2017,True
gray,14/5/2017,True
either,15/5/2017,True
promote,16/5/2017,True
factor,17/5/2017,True
permanent,18/5/2017,True
headquarters,19/5/2017,True
pocket,20/5/2017,True
feel,21/5/2017,True
pool,22/5/2017,True
gallery,23/5/2017,True
solar,24/5/2017,True
try,25/5/2017,True
crazy,26/5/2017,True
venture,27/5/2017,True
observe,28/5/2017,True
pregnant,29/5/2017,True
marry,30/5/2017,True
ticket,31/5/2017,True
mere,01/6/2017,True
clean,02/6/2017,True
eight,03/6/2017,True
repeat,04/6/2017,True
beach,05/6/2017,True
ready,06/6/2017,True
bed,07/6/2017,True
dance,08/6/2017,True
enemy,09/6/2017,True
nearly,10/6/2017,True
morning,11/6/2017,True
orange,12/6/2017,True
contact,13/6/2017,True
flow,14/6/2017,True
elderly,15/6/2017,True
smart,16/6/2017,True
extensive,17/6/2017,True
weight,18/6/2017,True
few,19/6/2017,True
service,20/6/2017,True
lesson,21/6/2017,True
arm,22/6/2017,True
spending,23/6/2017,True
mixture,24/6/2017,True
depth,25/6/2017,True
build,26/6/2017,True
meet,27/6/2017,True
fashion,28/6/2017,True
volume,29/6/2017,True
sufficient,30/6/2017,True
poet,01/7/2017,True
body,02/7/2017,True
desperate,03/7/2017,True
prepare,04/7/2017,True
novel,05/7/2017,True
ordinary,06/7/2017,True
industry,07/7/2017,True
travel,08/7/2017,True
sigh,09/7/2017,True
stuff,10/7/2017,True
woman,11/7/2017,True
gray,12/7/2017,True
respond,13/7/2017,True
post,14/7/2017,True
machine,15/7/2017,True
force,16/7/2017,True
hole,17/7/2017,True
serve,18/7/2017,True
existence,19/7/2017,True
drag,20/7/2017,True
under,21/7/2017,True
minor,22/7/2017,True
save,23/7/2017,True
swear,24/7/2017,True
math,25/7/2017,True
flat,26/7/2017,True
advise,27/7/2017,True
proper,28/7/2017,True
production,29/7/2017,True
policy,30/7/2017,True
illness,31/7/2017,True
architect,01/8/2017,True
pan,02/8/2017,True
consist,03/8/2017,True
individual,04/8/2017,True
nature,05/8/2017,True
convince,06/8/2017,True
shock,07/8/2017,True
forget,08/8/2017,True
sigh,09/8/2017,True
bite,10/8/2017,True
quarterback,11/8/2017,True
knife,12/8/2017,True
value,13/8/2017,True
study,14/8/2017,True
nearly,15/8/2017,True
proposal,16/8/2017,True
drug,17/8/2017,True
ease,18/8/2017,True
between,19/8/2017,True
cow,20/8/2017,True
comfort,21/8/2017,True
class,22/8/2017,True
explosion,23/8/2017,True
chance,24/8/2017,True
grass,25/8/2017,True
structure,26/8/2017,True
level,27/8/2017,True
angle,28/8/2017,True
evaluation,29/8/2017,True
frequency,30/8/2017,True
recall,31/8/2017,True
just,01/9/2017,True
brilliant,02/9/2017,True
pure,03/9/2017,True
comedy,04/9/2017,True
wise,05/9/2017,True
evidence,06/9/2017,True
relief,07/9/2017,True
remind,08/9/2017,True
equipment,09/9/2017,True
awful,10/9/2017,True
presence,11/9/2017,True
photo,12/9/2017,True
intention,13/9/2017,True
plane,14/9/2017,True
acid,15/9/2017,True
price,16/9/2017,True
truck,17/9/2017,True
citizen,18/9/2017,True
lemon,19/9/2017,True
close,20/9/2017,True
satellite,21/9/2017,True
three,22/9/2017,True
appointment,23/9/2017,True
choose,24/9/2017,True
mass,25/9/2017,True
diet,26/9/2017,True
reply,27/9/2017,True
vital,28/9/2017,True
affair,29/9/2017,True
minute,30/9/2017,True
moon,01/10/2017,True
slide,02/10/2017,True
ahead,03/10/2017,True
vary,04/10/2017,True
absence,05/10/2017,True
weather,06/10/2017,True
possess,07/10/2017,True
mouth,08/10/2017,True
far,09/10/2017,True
commitment,10/10/2017,True
announce,11/10/2017,True
thank,12/10/2017,True
intend,13/10/2017,True
knife,14/10/2017,True
force,15/10/2017,True
besides,16/10/2017,True
trail,17/10/2017,True
measure,18/10/2017,True
raise,19/10/2017,True
chairman,20/10/2017,True
mention,21/10/2017,True
status,22/10/2017,True
legislation,23/10/2017,True
telephone,24/10/2017,True
smile,25/10/2017,True
crash,26/10/2017,True
past,27/10/2017,True
arrival,28/10/2017,True
works,29/10/2017,True
lawyer,30/10/2017,True
genetic,31/10/2017,True
concert,01/11/2017,True
external,02/11/2017,True
makeup,03/11/2017,True
broken,04/11/2017,True
emerge,05/11/2017,True
stability,06/11/2017,True
sheet,07/11/2017,True
design,08/11/2017,True
believe,09/11/2017,True
persuade,10/11/2017,True
effect,11/11/2017,True
novel,12/11/2017,True
one,13/11/2017,True
smell,14/11/2017,True
pull,15/11/2017,True
back,16/11/2017,True
factor,17/11/2017,True
purchase,18/11/2017,True
pass,19/11/2017,True
context,20/11/2017,True
artistic,21/11/2017,True
instrument,22/11/2017,True
hair,23/11/2017,True
stress,24/11/2017,True
separate,25/11/2017,True
luck,26/11/2017,True
gain,27/11/2017,True
clothes,28/11/2017,True
wave,29/11/2017,True
note,30/11/2017,True
compare,01/12/2017,True
cope,02/12/2017,True
prospect,03/12/2017,True
essay,04/12/2017,True
twice,05/12/2017,True
stand,06/12/2017,True
arrangement,07/12/2017,True
roll,08/12/2017,True
represent,09/12/2017,True
sudden,10/12/2017,True
soldier,11/12/2017,True
bed,12/12/2017,True
pilot,13/12/2017,True
guest,14/12/2017,True
escape,15/12/2017,True
seat,16/12/2017,True
battery,17/12/2017,True
bond,18/12/2017,True
confront,19/12/2017,True
tape,20/12/2017,True
horse,21/12/2017,True
drug,22/12/2017,True
route,23/12/2017,True
advanced,24/12/2017,True
save,25/12/2017,True
island,26/12/2017,True
restriction,27/12/2017,True
express,28/12/2017,True
wood,29/12/2017,True
build,30/12/2017,True
particular,31/12/2017,True
